id,topic,question_type,age_group,content_length,difficulty
edu_qa_0000,language_literacy,factual,3-4,9,beginner
edu_qa_0001,general_knowledge,factual,4-6,9,beginner
edu_qa_0002,arts_creativity,instructional,4-6,22,intermediate
edu_qa_0003,general_knowledge,factual,4-6,6,beginner
edu_qa_0004,general_knowledge,instructional,4-6,19,beginner
edu_qa_0005,physical_activity,instructional,4-6,18,beginner
edu_qa_0006,language_literacy,factual,4-6,12,beginner
edu_qa_0007,arts_creativity,factual,3-4,11,beginner
edu_qa_0008,nutrition_cooking,instructional,3-4,12,beginner
edu_qa_0009,social_emotional,factual,4-6,17,beginner
edu_qa_0010,general_knowledge,factual,4-6,18,beginner
edu_qa_0011,math_numbers,factual,4-6,6,beginner
edu_qa_0012,nutrition_cooking,general,4-6,15,beginner
edu_qa_0013,health_body,instructional,3-4,14,beginner
edu_qa_0014,nutrition_cooking,factual,4-6,10,beginner
edu_qa_0015,nutrition_cooking,instructional,4-6,9,beginner
edu_qa_0016,arts_creativity,explanatory,6-8,25,intermediate
edu_qa_0017,physical_activity,instructional,4-6,20,intermediate
edu_qa_0018,math_numbers,general,4-6,1,beginner
edu_qa_0019,nutrition_cooking,factual,4-6,20,intermediate
edu_qa_0020,general_knowledge,general,4-6,16,beginner
edu_qa_0021,nutrition_cooking,explanatory,4-6,9,beginner
edu_qa_0022,general_knowledge,factual,4-6,13,beginner
edu_qa_0023,general_knowledge,explanatory,3-4,12,beginner
edu_qa_0024,language_literacy,instructional,3-4,5,beginner
edu_qa_0025,nutrition_cooking,explanatory,4-6,22,intermediate
edu_qa_0026,nutrition_cooking,instructional,4-6,10,beginner
edu_qa_0027,math_numbers,instructional,4-6,16,beginner
edu_qa_0028,math_numbers,explanatory,4-6,14,beginner
edu_qa_0029,nutrition_cooking,instructional,4-6,15,beginner
edu_qa_0030,general_knowledge,explanatory,4-6,16,beginner
edu_qa_0031,nutrition_cooking,general,4-6,16,beginner
edu_qa_0032,general_knowledge,explanatory,4-6,24,intermediate
edu_qa_0033,general_knowledge,factual,4-6,13,beginner
edu_qa_0034,general_knowledge,explanatory,4-6,21,intermediate
edu_qa_0035,safety_community,factual,4-6,11,beginner
edu_qa_0036,language_literacy,factual,5-7,26,intermediate
edu_qa_0037,social_emotional,factual,4-6,13,beginner
edu_qa_0038,nutrition_cooking,factual,4-6,11,beginner
edu_qa_0039,general_knowledge,factual,4-6,11,beginner
edu_qa_0040,general_knowledge,explanatory,4-6,9,beginner
edu_qa_0041,language_literacy,general,4-6,15,beginner
edu_qa_0042,social_emotional,factual,4-6,5,beginner
edu_qa_0043,nutrition_cooking,factual,4-6,7,beginner
edu_qa_0044,language_literacy,instructional,3-4,14,beginner
edu_qa_0045,social_emotional,explanatory,4-6,19,beginner
edu_qa_0046,general_knowledge,factual,5-7,26,intermediate
edu_qa_0047,general_knowledge,explanatory,4-6,20,intermediate
edu_qa_0048,arts_creativity,factual,4-6,20,intermediate
edu_qa_0049,general_knowledge,factual,4-6,3,beginner
edu_qa_0050,language_literacy,factual,4-6,7,beginner
edu_qa_0051,general_knowledge,explanatory,4-6,21,intermediate
edu_qa_0052,social_emotional,instructional,4-6,15,beginner
edu_qa_0053,health_body,explanatory,6-8,25,intermediate
edu_qa_0054,nutrition_cooking,explanatory,4-6,18,beginner
edu_qa_0055,nutrition_cooking,explanatory,3-4,12,beginner
edu_qa_0056,nutrition_cooking,factual,4-6,7,beginner
edu_qa_0057,math_numbers,general,4-6,15,beginner
edu_qa_0058,nutrition_cooking,factual,3-4,11,beginner
edu_qa_0059,social_emotional,factual,4-6,21,intermediate
edu_qa_0060,general_knowledge,explanatory,4-6,15,beginner
edu_qa_0061,nutrition_cooking,general,3-4,14,beginner
edu_qa_0062,nutrition_cooking,factual,4-6,1,beginner
edu_qa_0063,nutrition_cooking,explanatory,4-6,20,intermediate
edu_qa_0064,nutrition_cooking,factual,4-6,12,beginner
edu_qa_0065,nutrition_cooking,explanatory,4-6,17,beginner
edu_qa_0066,social_emotional,factual,4-6,3,beginner
edu_qa_0067,math_numbers,factual,4-6,13,beginner
edu_qa_0068,nutrition_cooking,explanatory,4-6,18,beginner
edu_qa_0069,nutrition_cooking,general,3-4,14,beginner
edu_qa_0070,physical_activity,factual,4-6,17,beginner
edu_qa_0071,safety_community,factual,4-6,12,beginner
edu_qa_0072,nutrition_cooking,explanatory,4-6,23,intermediate
edu_qa_0073,general_knowledge,explanatory,6-8,28,intermediate
edu_qa_0074,math_numbers,factual,5-7,29,intermediate
edu_qa_0075,health_body,factual,4-6,16,beginner
edu_qa_0076,health_body,factual,4-6,3,beginner
edu_qa_0077,general_knowledge,factual,4-6,11,beginner
edu_qa_0078,math_numbers,factual,4-6,2,beginner
edu_qa_0079,physical_activity,instructional,3-4,7,beginner
edu_qa_0080,arts_creativity,instructional,4-6,12,beginner
edu_qa_0081,general_knowledge,factual,4-6,12,beginner
edu_qa_0082,safety_community,explanatory,4-6,9,beginner
edu_qa_0083,physical_activity,factual,4-6,19,beginner
edu_qa_0084,general_knowledge,factual,4-6,19,beginner
edu_qa_0085,nutrition_cooking,factual,5-7,46,intermediate
edu_qa_0086,language_literacy,factual,3-4,9,beginner
edu_qa_0087,nutrition_cooking,instructional,4-6,15,beginner
edu_qa_0088,general_knowledge,general,4-6,22,intermediate
edu_qa_0089,nutrition_cooking,factual,4-6,1,beginner
edu_qa_0090,nutrition_cooking,explanatory,4-6,16,beginner
edu_qa_0091,nutrition_cooking,factual,4-6,15,beginner
edu_qa_0092,general_knowledge,explanatory,4-6,23,intermediate
edu_qa_0093,general_knowledge,explanatory,4-6,21,intermediate
edu_qa_0094,nutrition_cooking,factual,4-6,10,beginner
edu_qa_0095,general_knowledge,factual,4-6,4,beginner
edu_qa_0096,general_knowledge,explanatory,4-6,16,beginner
edu_qa_0097,language_literacy,instructional,4-6,15,beginner
edu_qa_0098,nutrition_cooking,factual,4-6,1,beginner
edu_qa_0099,social_emotional,factual,4-6,15,beginner
edu_qa_0100,general_knowledge,explanatory,6-8,28,intermediate
edu_qa_0101,arts_creativity,factual,4-6,6,beginner
edu_qa_0102,social_emotional,explanatory,4-6,17,beginner
edu_qa_0103,social_emotional,instructional,4-6,15,beginner
edu_qa_0104,health_body,explanatory,5-7,35,intermediate
edu_qa_0105,nature_science,explanatory,4-6,16,beginner
edu_qa_0106,nature_science,factual,4-6,18,beginner
edu_qa_0107,language_literacy,instructional,3-4,13,beginner
edu_qa_0108,safety_community,general,5-7,30,intermediate
edu_qa_0109,nutrition_cooking,explanatory,4-6,19,beginner
edu_qa_0110,physical_activity,recall,4-6,15,beginner
edu_qa_0111,general_knowledge,explanatory,4-6,16,beginner
edu_qa_0112,general_knowledge,explanatory,4-6,15,beginner
edu_qa_0113,nutrition_cooking,factual,4-6,11,beginner
edu_qa_0114,general_knowledge,factual,4-6,21,intermediate
edu_qa_0115,nature_science,factual,4-6,9,beginner
edu_qa_0116,language_literacy,factual,4-6,8,beginner
edu_qa_0117,general_knowledge,factual,4-6,15,beginner
edu_qa_0118,nutrition_cooking,factual,4-6,17,beginner
edu_qa_0119,general_knowledge,factual,4-6,9,beginner
edu_qa_0120,nutrition_cooking,general,4-6,16,beginner
edu_qa_0121,general_knowledge,explanatory,4-6,17,beginner
edu_qa_0122,social_emotional,factual,4-6,21,intermediate
edu_qa_0123,health_body,factual,4-6,18,beginner
edu_qa_0124,safety_community,explanatory,4-6,18,beginner
edu_qa_0125,nutrition_cooking,instructional,4-6,13,beginner
edu_qa_0126,general_knowledge,factual,4-6,15,beginner
edu_qa_0127,general_knowledge,factual,4-6,22,intermediate
edu_qa_0128,language_literacy,instructional,4-6,14,beginner
edu_qa_0129,arts_creativity,factual,4-6,18,beginner
edu_qa_0130,language_literacy,factual,4-6,13,beginner
edu_qa_0131,arts_creativity,factual,4-6,15,beginner
edu_qa_0132,safety_community,explanatory,4-6,24,intermediate
edu_qa_0133,nutrition_cooking,general,4-6,19,beginner
edu_qa_0134,nutrition_cooking,instructional,3-4,12,beginner
edu_qa_0135,language_literacy,factual,4-6,18,beginner
edu_qa_0136,math_numbers,general,3-4,1,beginner
edu_qa_0137,language_literacy,factual,4-6,10,beginner
edu_qa_0138,nutrition_cooking,explanatory,4-6,11,beginner
edu_qa_0139,health_body,instructional,4-6,15,beginner
edu_qa_0140,nutrition_cooking,general,3-4,14,beginner
edu_qa_0141,safety_community,factual,4-6,11,beginner
edu_qa_0142,nutrition_cooking,explanatory,6-8,27,intermediate
edu_qa_0143,language_literacy,explanatory,4-6,24,intermediate
edu_qa_0144,general_knowledge,explanatory,4-6,15,beginner
edu_qa_0145,general_knowledge,factual,4-6,21,intermediate
edu_qa_0146,nutrition_cooking,instructional,4-6,20,intermediate
edu_qa_0147,nutrition_cooking,factual,4-6,18,beginner
edu_qa_0148,arts_creativity,general,4-6,17,beginner
edu_qa_0149,social_emotional,general,4-6,11,beginner
edu_qa_0150,math_numbers,instructional,4-6,21,intermediate
edu_qa_0151,general_knowledge,factual,4-6,15,beginner
edu_qa_0152,general_knowledge,explanatory,4-6,22,intermediate
edu_qa_0153,nutrition_cooking,explanatory,4-6,19,beginner
edu_qa_0154,general_knowledge,factual,4-6,2,beginner
edu_qa_0155,general_knowledge,factual,4-6,23,intermediate
edu_qa_0156,general_knowledge,instructional,5-7,36,intermediate
edu_qa_0157,safety_community,explanatory,4-6,14,beginner
edu_qa_0158,general_knowledge,explanatory,4-6,16,beginner
edu_qa_0159,arts_creativity,factual,4-6,11,beginner
edu_qa_0160,general_knowledge,factual,4-6,1,beginner
edu_qa_0161,arts_creativity,factual,4-6,9,beginner
edu_qa_0162,social_emotional,factual,4-6,18,beginner
edu_qa_0163,general_knowledge,factual,5-7,42,intermediate
edu_qa_0164,nutrition_cooking,factual,4-6,14,beginner
edu_qa_0165,nutrition_cooking,factual,4-6,11,beginner
edu_qa_0166,social_emotional,factual,4-6,18,beginner
edu_qa_0167,general_knowledge,factual,4-6,18,beginner
edu_qa_0168,general_knowledge,factual,3-4,10,beginner
edu_qa_0169,general_knowledge,explanatory,4-6,15,beginner
edu_qa_0170,safety_community,explanatory,6-8,26,intermediate
edu_qa_0171,general_knowledge,factual,4-6,7,beginner
edu_qa_0172,arts_creativity,factual,4-6,17,beginner
edu_qa_0173,general_knowledge,general,3-4,12,beginner
edu_qa_0174,safety_community,instructional,4-6,12,beginner
edu_qa_0175,general_knowledge,factual,4-6,2,beginner
edu_qa_0176,nutrition_cooking,general,4-6,10,beginner
edu_qa_0177,social_emotional,factual,4-6,15,beginner
edu_qa_0178,arts_creativity,explanatory,4-6,22,intermediate
edu_qa_0179,physical_activity,factual,3-4,9,beginner
edu_qa_0180,nutrition_cooking,factual,4-6,1,beginner
edu_qa_0181,nutrition_cooking,factual,4-6,2,beginner
edu_qa_0182,nutrition_cooking,factual,4-6,1,beginner
edu_qa_0183,math_numbers,factual,4-6,2,beginner
edu_qa_0184,nutrition_cooking,general,4-6,24,intermediate
edu_qa_0185,health_body,explanatory,5-7,28,intermediate
edu_qa_0186,safety_community,explanatory,4-6,18,beginner
edu_qa_0187,safety_community,explanatory,4-6,15,beginner
edu_qa_0188,general_knowledge,general,4-6,1,beginner
edu_qa_0189,health_body,factual,4-6,7,beginner
edu_qa_0190,health_body,explanatory,4-6,19,beginner
edu_qa_0191,math_numbers,explanatory,4-6,23,intermediate
edu_qa_0192,safety_community,explanatory,4-6,20,intermediate
edu_qa_0193,general_knowledge,explanatory,4-6,16,beginner
edu_qa_0194,nature_science,explanatory,4-6,17,beginner
edu_qa_0195,nutrition_cooking,factual,3-4,9,beginner
edu_qa_0196,health_body,instructional,4-6,16,beginner
edu_qa_0197,health_body,explanatory,6-8,26,intermediate
edu_qa_0198,social_emotional,factual,4-6,14,beginner
edu_qa_0199,arts_creativity,factual,4-6,2,beginner
edu_qa_0200,safety_community,factual,4-6,16,beginner
edu_qa_0201,math_numbers,factual,4-6,15,beginner
edu_qa_0202,general_knowledge,factual,4-6,12,beginner
edu_qa_0203,social_emotional,explanatory,4-6,22,intermediate
edu_qa_0204,nutrition_cooking,explanatory,5-7,25,intermediate
edu_qa_0205,math_numbers,factual,4-6,21,intermediate
edu_qa_0206,arts_creativity,explanatory,4-6,15,beginner
edu_qa_0207,nutrition_cooking,explanatory,4-6,23,intermediate
edu_qa_0208,physical_activity,instructional,4-6,9,beginner
edu_qa_0209,nutrition_cooking,general,3-4,6,beginner
edu_qa_0210,language_literacy,factual,4-6,12,beginner
edu_qa_0211,language_literacy,factual,4-6,14,beginner
edu_qa_0212,arts_creativity,instructional,4-6,15,beginner
edu_qa_0213,social_emotional,factual,4-6,14,beginner
edu_qa_0214,social_emotional,explanatory,4-6,17,beginner
edu_qa_0215,nutrition_cooking,explanatory,4-6,20,intermediate
edu_qa_0216,nutrition_cooking,instructional,4-6,11,beginner
edu_qa_0217,social_emotional,general,4-6,11,beginner
edu_qa_0218,nutrition_cooking,explanatory,4-6,22,intermediate
edu_qa_0219,safety_community,factual,4-6,17,beginner
edu_qa_0220,general_knowledge,explanatory,4-6,23,intermediate
edu_qa_0221,arts_creativity,general,4-6,17,beginner
edu_qa_0222,nutrition_cooking,general,4-6,14,beginner
edu_qa_0223,social_emotional,factual,4-6,1,beginner
edu_qa_0224,nutrition_cooking,factual,4-6,24,intermediate
edu_qa_0225,nutrition_cooking,factual,4-6,22,intermediate
edu_qa_0226,general_knowledge,general,4-6,3,beginner
edu_qa_0227,nutrition_cooking,recall,4-6,8,beginner
edu_qa_0228,nutrition_cooking,factual,4-6,8,beginner
edu_qa_0229,nutrition_cooking,instructional,4-6,11,beginner
edu_qa_0230,arts_creativity,general,4-6,2,beginner
edu_qa_0231,math_numbers,instructional,4-6,16,beginner
edu_qa_0232,health_body,explanatory,6-8,40,intermediate
edu_qa_0233,nature_science,explanatory,4-6,22,intermediate
edu_qa_0234,social_emotional,instructional,4-6,18,beginner
edu_qa_0235,arts_creativity,instructional,4-6,11,beginner
edu_qa_0236,nutrition_cooking,instructional,3-4,12,beginner
edu_qa_0237,nutrition_cooking,factual,4-6,17,beginner
edu_qa_0238,general_knowledge,explanatory,4-6,7,beginner
edu_qa_0239,general_knowledge,explanatory,4-6,22,intermediate
edu_qa_0240,health_body,explanatory,4-6,17,beginner
edu_qa_0241,math_numbers,factual,4-6,11,beginner
edu_qa_0242,general_knowledge,factual,4-6,1,beginner
edu_qa_0243,nutrition_cooking,factual,4-6,9,beginner
edu_qa_0244,safety_community,factual,4-6,12,beginner
edu_qa_0245,safety_community,factual,4-6,16,beginner
edu_qa_0246,math_numbers,instructional,4-6,8,beginner
edu_qa_0247,physical_activity,factual,4-6,9,beginner
edu_qa_0248,general_knowledge,factual,4-6,21,intermediate
edu_qa_0249,math_numbers,instructional,4-6,21,intermediate
edu_qa_0250,general_knowledge,explanatory,4-6,9,beginner
edu_qa_0251,nutrition_cooking,explanatory,4-6,24,intermediate
edu_qa_0252,safety_community,factual,3-4,9,beginner
edu_qa_0253,social_emotional,explanatory,4-6,8,beginner
edu_qa_0254,nutrition_cooking,instructional,4-6,19,beginner
edu_qa_0255,nutrition_cooking,instructional,4-6,14,beginner
edu_qa_0256,safety_community,factual,4-6,12,beginner
edu_qa_0257,general_knowledge,explanatory,4-6,21,intermediate
edu_qa_0258,social_emotional,instructional,4-6,21,intermediate
edu_qa_0259,general_knowledge,factual,4-6,13,beginner
edu_qa_0260,general_knowledge,factual,4-6,2,beginner
edu_qa_0261,nutrition_cooking,general,3-4,12,beginner
edu_qa_0262,math_numbers,factual,3-4,1,beginner
edu_qa_0263,safety_community,factual,4-6,7,beginner
edu_qa_0264,physical_activity,instructional,3-4,7,beginner
edu_qa_0265,safety_community,explanatory,4-6,16,beginner
edu_qa_0266,social_emotional,factual,3-4,12,beginner
edu_qa_0267,general_knowledge,factual,4-6,2,beginner
edu_qa_0268,nutrition_cooking,explanatory,6-8,26,intermediate
edu_qa_0269,language_literacy,factual,4-6,10,beginner
edu_qa_0270,nutrition_cooking,factual,4-6,17,beginner
edu_qa_0271,general_knowledge,explanatory,4-6,21,intermediate
edu_qa_0272,general_knowledge,explanatory,4-6,23,intermediate
edu_qa_0273,arts_creativity,factual,4-6,2,beginner
edu_qa_0274,nature_science,instructional,4-6,19,beginner
edu_qa_0275,general_knowledge,explanatory,4-6,22,intermediate
edu_qa_0276,nature_science,explanatory,4-6,20,intermediate
edu_qa_0277,general_knowledge,factual,4-6,1,beginner
edu_qa_0278,arts_creativity,factual,4-6,10,beginner
edu_qa_0279,general_knowledge,explanatory,4-6,22,intermediate
edu_qa_0280,social_emotional,explanatory,4-6,4,beginner
edu_qa_0281,language_literacy,factual,4-6,20,intermediate
edu_qa_0282,nutrition_cooking,explanatory,4-6,19,beginner
edu_qa_0283,general_knowledge,factual,4-6,7,beginner
edu_qa_0284,general_knowledge,explanatory,4-6,17,beginner
edu_qa_0285,health_body,instructional,3-4,8,beginner
edu_qa_0286,nutrition_cooking,factual,5-7,26,intermediate
edu_qa_0287,nature_science,factual,5-7,30,intermediate
edu_qa_0288,language_literacy,instructional,3-4,14,beginner
edu_qa_0289,general_knowledge,factual,4-6,23,intermediate
edu_qa_0290,language_literacy,instructional,4-6,14,beginner
edu_qa_0291,health_body,general,4-6,15,beginner
edu_qa_0292,nutrition_cooking,explanatory,4-6,12,beginner
edu_qa_0293,nutrition_cooking,factual,3-4,14,beginner
edu_qa_0294,health_body,explanatory,4-6,22,intermediate
edu_qa_0295,arts_creativity,instructional,4-6,11,beginner
edu_qa_0296,nutrition_cooking,general,3-4,10,beginner
edu_qa_0297,general_knowledge,factual,3-4,14,beginner
edu_qa_0298,general_knowledge,factual,3-4,13,beginner
edu_qa_0299,physical_activity,factual,4-6,12,beginner
edu_qa_0300,safety_community,explanatory,4-6,6,beginner
edu_qa_0301,social_emotional,factual,4-6,11,beginner
edu_qa_0302,safety_community,factual,4-6,20,intermediate
edu_qa_0303,nutrition_cooking,explanatory,4-6,23,intermediate
edu_qa_0304,social_emotional,explanatory,4-6,12,beginner
edu_qa_0305,general_knowledge,instructional,3-4,10,beginner
edu_qa_0306,arts_creativity,general,4-6,18,beginner
edu_qa_0307,health_body,factual,4-6,10,beginner
edu_qa_0308,general_knowledge,explanatory,4-6,17,beginner
edu_qa_0309,general_knowledge,general,4-6,22,intermediate
edu_qa_0310,general_knowledge,factual,4-6,2,beginner
edu_qa_0311,nutrition_cooking,general,4-6,16,beginner
edu_qa_0312,language_literacy,explanatory,4-6,10,beginner
edu_qa_0313,math_numbers,general,4-6,16,beginner
edu_qa_0314,safety_community,explanatory,4-6,20,intermediate
edu_qa_0315,safety_community,instructional,3-4,11,beginner
edu_qa_0316,nutrition_cooking,factual,4-6,19,beginner
edu_qa_0317,general_knowledge,explanatory,4-6,18,beginner
edu_qa_0318,general_knowledge,explanatory,4-6,3,beginner
edu_qa_0319,general_knowledge,explanatory,5-7,27,intermediate
edu_qa_0320,arts_creativity,instructional,3-4,5,beginner
edu_qa_0321,health_body,instructional,4-6,9,beginner
edu_qa_0322,physical_activity,explanatory,4-6,20,intermediate
edu_qa_0323,nutrition_cooking,explanatory,4-6,19,beginner
edu_qa_0324,language_literacy,explanatory,6-8,27,intermediate
edu_qa_0325,nutrition_cooking,explanatory,4-6,13,beginner
edu_qa_0326,nutrition_cooking,factual,4-6,10,beginner
edu_qa_0327,nutrition_cooking,factual,4-6,11,beginner
edu_qa_0328,math_numbers,factual,4-6,12,beginner
edu_qa_0329,general_knowledge,factual,3-4,4,beginner
edu_qa_0330,social_emotional,explanatory,4-6,15,beginner
edu_qa_0331,general_knowledge,factual,3-4,8,beginner
edu_qa_0332,nutrition_cooking,instructional,4-6,18,beginner
edu_qa_0333,health_body,general,4-6,20,intermediate
edu_qa_0334,nutrition_cooking,factual,4-6,1,beginner
edu_qa_0335,general_knowledge,factual,4-6,24,intermediate
edu_qa_0336,nutrition_cooking,factual,4-6,13,beginner
edu_qa_0337,arts_creativity,factual,4-6,6,beginner
edu_qa_0338,nutrition_cooking,factual,4-6,16,beginner
edu_qa_0339,math_numbers,explanatory,4-6,22,intermediate
edu_qa_0340,nutrition_cooking,instructional,5-7,32,intermediate
edu_qa_0341,social_emotional,explanatory,4-6,17,beginner
edu_qa_0342,social_emotional,factual,4-6,17,beginner
edu_qa_0343,nature_science,explanatory,4-6,16,beginner
edu_qa_0344,math_numbers,factual,4-6,12,beginner
edu_qa_0345,general_knowledge,explanatory,4-6,7,beginner
edu_qa_0346,language_literacy,explanatory,4-6,17,beginner
edu_qa_0347,nature_science,instructional,4-6,10,beginner
edu_qa_0348,general_knowledge,general,4-6,11,beginner
edu_qa_0349,general_knowledge,explanatory,4-6,17,beginner
edu_qa_0350,math_numbers,instructional,3-4,2,beginner
edu_qa_0351,nutrition_cooking,factual,4-6,5,beginner
edu_qa_0352,arts_creativity,instructional,4-6,11,beginner
edu_qa_0353,math_numbers,factual,4-6,11,beginner
edu_qa_0354,general_knowledge,general,4-6,7,beginner
edu_qa_0355,physical_activity,instructional,3-4,11,beginner
edu_qa_0356,language_literacy,general,3-4,10,beginner
edu_qa_0357,math_numbers,factual,4-6,6,beginner
edu_qa_0358,general_knowledge,explanatory,4-6,18,beginner
edu_qa_0359,arts_creativity,instructional,4-6,4,beginner
edu_qa_0360,math_numbers,factual,4-6,11,beginner
edu_qa_0361,language_literacy,factual,3-4,8,beginner
edu_qa_0362,general_knowledge,instructional,4-6,16,beginner
edu_qa_0363,general_knowledge,general,3-4,13,beginner
edu_qa_0364,general_knowledge,factual,4-6,4,beginner
edu_qa_0365,math_numbers,factual,4-6,18,beginner
edu_qa_0366,arts_creativity,instructional,4-6,6,beginner
edu_qa_0367,arts_creativity,factual,4-6,8,beginner
edu_qa_0368,safety_community,general,4-6,20,intermediate
edu_qa_0369,social_emotional,explanatory,4-6,22,intermediate
edu_qa_0370,nutrition_cooking,explanatory,4-6,18,beginner
edu_qa_0371,arts_creativity,factual,4-6,4,beginner
edu_qa_0372,social_emotional,instructional,3-4,14,beginner
edu_qa_0373,physical_activity,factual,4-6,21,intermediate
edu_qa_0374,general_knowledge,instructional,3-4,13,beginner
edu_qa_0375,nutrition_cooking,recall,4-6,8,beginner
edu_qa_0376,general_knowledge,explanatory,4-6,19,beginner
edu_qa_0377,language_literacy,factual,4-6,15,beginner
edu_qa_0378,nutrition_cooking,factual,4-6,23,intermediate
edu_qa_0379,physical_activity,instructional,4-6,18,beginner
edu_qa_0380,general_knowledge,factual,4-6,17,beginner
edu_qa_0381,nutrition_cooking,explanatory,4-6,14,beginner
edu_qa_0382,nutrition_cooking,factual,3-4,12,beginner
edu_qa_0383,health_body,instructional,4-6,16,beginner
edu_qa_0384,nutrition_cooking,factual,4-6,12,beginner
edu_qa_0385,general_knowledge,factual,4-6,2,beginner
edu_qa_0386,general_knowledge,explanatory,6-8,25,intermediate
edu_qa_0387,safety_community,factual,4-6,24,intermediate
edu_qa_0388,nutrition_cooking,explanatory,4-6,19,beginner
edu_qa_0389,general_knowledge,explanatory,4-6,13,beginner
edu_qa_0390,general_knowledge,factual,3-4,10,beginner
edu_qa_0391,arts_creativity,explanatory,6-8,29,intermediate
edu_qa_0392,social_emotional,factual,4-6,16,beginner
edu_qa_0393,nutrition_cooking,explanatory,6-8,29,intermediate
edu_qa_0394,general_knowledge,factual,4-6,1,beginner
edu_qa_0395,general_knowledge,factual,4-6,20,intermediate
edu_qa_0396,general_knowledge,explanatory,4-6,16,beginner
edu_qa_0397,arts_creativity,explanatory,4-6,21,intermediate
edu_qa_0398,general_knowledge,factual,4-6,4,beginner
edu_qa_0399,nutrition_cooking,instructional,4-6,16,beginner
edu_qa_0400,health_body,instructional,4-6,18,beginner
edu_qa_0401,nature_science,general,3-4,11,beginner
edu_qa_0402,nutrition_cooking,factual,4-6,10,beginner
edu_qa_0403,general_knowledge,recall,4-6,2,beginner
edu_qa_0404,physical_activity,factual,3-4,1,beginner
edu_qa_0405,math_numbers,explanatory,4-6,18,beginner
edu_qa_0406,general_knowledge,instructional,4-6,9,beginner
edu_qa_0407,safety_community,explanatory,4-6,20,intermediate
edu_qa_0408,health_body,factual,3-4,10,beginner
edu_qa_0409,general_knowledge,explanatory,3-4,11,beginner
edu_qa_0410,general_knowledge,factual,4-6,14,beginner
edu_qa_0411,arts_creativity,factual,4-6,12,beginner
edu_qa_0412,physical_activity,explanatory,4-6,13,beginner
edu_qa_0413,safety_community,general,5-7,31,intermediate
edu_qa_0414,general_knowledge,explanatory,4-6,23,intermediate
edu_qa_0415,arts_creativity,factual,4-6,1,beginner
edu_qa_0416,nutrition_cooking,factual,4-6,16,beginner
edu_qa_0417,general_knowledge,instructional,3-4,14,beginner
edu_qa_0418,nutrition_cooking,explanatory,4-6,12,beginner
edu_qa_0419,language_literacy,factual,4-6,11,beginner
edu_qa_0420,language_literacy,instructional,3-4,10,beginner
edu_qa_0421,nutrition_cooking,instructional,4-6,15,beginner
edu_qa_0422,arts_creativity,factual,4-6,12,beginner
edu_qa_0423,social_emotional,factual,4-6,18,beginner
edu_qa_0424,nutrition_cooking,instructional,3-4,11,beginner
edu_qa_0425,general_knowledge,general,4-6,11,beginner
edu_qa_0426,nutrition_cooking,factual,4-6,12,beginner
edu_qa_0427,general_knowledge,explanatory,4-6,7,beginner
edu_qa_0428,health_body,instructional,4-6,15,beginner
edu_qa_0429,arts_creativity,factual,4-6,11,beginner
edu_qa_0430,safety_community,factual,4-6,21,intermediate
edu_qa_0431,general_knowledge,factual,4-6,10,beginner
edu_qa_0432,nutrition_cooking,explanatory,4-6,19,beginner
edu_qa_0433,arts_creativity,factual,4-6,12,beginner
edu_qa_0434,math_numbers,factual,4-6,6,beginner
edu_qa_0435,nutrition_cooking,factual,4-6,3,beginner
edu_qa_0436,nutrition_cooking,instructional,4-6,9,beginner
edu_qa_0437,language_literacy,factual,4-6,11,beginner
edu_qa_0438,general_knowledge,explanatory,4-6,17,beginner
edu_qa_0439,language_literacy,factual,4-6,19,beginner
edu_qa_0440,general_knowledge,factual,4-6,5,beginner
edu_qa_0441,general_knowledge,factual,5-7,25,intermediate
edu_qa_0442,general_knowledge,explanatory,4-6,18,beginner
edu_qa_0443,nutrition_cooking,factual,4-6,3,beginner
edu_qa_0444,safety_community,factual,3-4,10,beginner
edu_qa_0445,health_body,explanatory,4-6,21,intermediate
edu_qa_0446,language_literacy,instructional,4-6,16,beginner
edu_qa_0447,health_body,instructional,3-4,14,beginner
edu_qa_0448,social_emotional,factual,4-6,15,beginner
edu_qa_0449,general_knowledge,factual,6-8,28,intermediate
edu_qa_0450,nutrition_cooking,general,4-6,6,beginner
edu_qa_0451,physical_activity,factual,4-6,12,beginner
edu_qa_0452,math_numbers,factual,4-6,13,beginner
edu_qa_0453,general_knowledge,instructional,4-6,11,beginner
edu_qa_0454,general_knowledge,instructional,4-6,5,beginner
edu_qa_0455,social_emotional,factual,4-6,7,beginner
edu_qa_0456,health_body,factual,4-6,8,beginner
edu_qa_0457,health_body,factual,4-6,20,intermediate
edu_qa_0458,general_knowledge,factual,5-7,37,intermediate
edu_qa_0459,social_emotional,general,4-6,17,beginner
edu_qa_0460,health_body,instructional,4-6,11,beginner
edu_qa_0461,arts_creativity,explanatory,4-6,19,beginner
edu_qa_0462,nutrition_cooking,factual,4-6,23,intermediate
edu_qa_0463,nutrition_cooking,general,4-6,12,beginner
edu_qa_0464,safety_community,factual,4-6,22,intermediate
edu_qa_0465,general_knowledge,factual,4-6,18,beginner
edu_qa_0466,social_emotional,factual,4-6,18,beginner
edu_qa_0467,general_knowledge,instructional,5-7,38,intermediate
edu_qa_0468,general_knowledge,explanatory,4-6,24,intermediate
edu_qa_0469,language_literacy,factual,4-6,4,beginner
edu_qa_0470,nutrition_cooking,factual,4-6,14,beginner
edu_qa_0471,nutrition_cooking,instructional,4-6,12,beginner
edu_qa_0472,safety_community,factual,4-6,20,intermediate
edu_qa_0473,language_literacy,factual,5-7,36,intermediate
edu_qa_0474,nutrition_cooking,explanatory,4-6,20,intermediate
edu_qa_0475,general_knowledge,factual,4-6,5,beginner
edu_qa_0476,language_literacy,factual,4-6,17,beginner
edu_qa_0477,general_knowledge,factual,4-6,8,beginner
edu_qa_0478,nutrition_cooking,general,3-4,14,beginner
edu_qa_0479,general_knowledge,instructional,4-6,19,beginner
edu_qa_0480,general_knowledge,explanatory,4-6,20,intermediate
edu_qa_0481,nutrition_cooking,instructional,3-4,10,beginner
edu_qa_0482,general_knowledge,factual,3-4,3,beginner
edu_qa_0483,nature_science,instructional,4-6,17,beginner
edu_qa_0484,language_literacy,factual,4-6,8,beginner
edu_qa_0485,nutrition_cooking,explanatory,4-6,20,intermediate
edu_qa_0486,general_knowledge,general,4-6,16,beginner
edu_qa_0487,math_numbers,factual,4-6,19,beginner
edu_qa_0488,arts_creativity,instructional,3-4,14,beginner
edu_qa_0489,general_knowledge,instructional,4-6,18,beginner
edu_qa_0490,arts_creativity,explanatory,4-6,16,beginner
edu_qa_0491,physical_activity,general,3-4,7,beginner
edu_qa_0492,language_literacy,general,3-4,5,beginner
edu_qa_0493,nature_science,instructional,4-6,15,beginner
edu_qa_0494,arts_creativity,factual,4-6,16,beginner
edu_qa_0495,general_knowledge,general,4-6,7,beginner
edu_qa_0496,health_body,instructional,4-6,16,beginner
edu_qa_0497,health_body,general,4-6,13,beginner
edu_qa_0498,social_emotional,factual,4-6,15,beginner
edu_qa_0499,safety_community,explanatory,4-6,19,beginner
edu_qa_0500,health_body,instructional,4-6,14,beginner
edu_qa_0501,nutrition_cooking,factual,4-6,18,beginner
edu_qa_0502,language_literacy,factual,4-6,14,beginner
edu_qa_0503,general_knowledge,instructional,4-6,5,beginner
edu_qa_0504,general_knowledge,factual,4-6,3,beginner
edu_qa_0505,physical_activity,general,4-6,14,beginner
edu_qa_0506,general_knowledge,recall,4-6,17,beginner
edu_qa_0507,general_knowledge,explanatory,4-6,5,beginner
edu_qa_0508,nutrition_cooking,explanatory,4-6,20,intermediate
edu_qa_0509,general_knowledge,factual,4-6,16,beginner
edu_qa_0510,language_literacy,factual,4-6,17,beginner
edu_qa_0511,general_knowledge,factual,4-6,16,beginner
edu_qa_0512,safety_community,explanatory,4-6,16,beginner
edu_qa_0513,general_knowledge,factual,4-6,16,beginner
edu_qa_0514,social_emotional,factual,4-6,12,beginner
edu_qa_0515,general_knowledge,factual,3-4,12,beginner
edu_qa_0516,general_knowledge,factual,4-6,14,beginner
edu_qa_0517,general_knowledge,factual,3-4,12,beginner
edu_qa_0518,nutrition_cooking,general,4-6,13,beginner
edu_qa_0519,nutrition_cooking,instructional,4-6,18,beginner
edu_qa_0520,nutrition_cooking,explanatory,4-6,21,intermediate
edu_qa_0521,nutrition_cooking,instructional,4-6,14,beginner
edu_qa_0522,general_knowledge,instructional,4-6,4,beginner
edu_qa_0523,arts_creativity,factual,4-6,9,beginner
edu_qa_0524,safety_community,explanatory,4-6,23,intermediate
edu_qa_0525,nutrition_cooking,instructional,4-6,16,beginner
edu_qa_0526,arts_creativity,explanatory,4-6,19,beginner
edu_qa_0527,language_literacy,explanatory,6-8,27,intermediate
edu_qa_0528,general_knowledge,explanatory,4-6,19,beginner
edu_qa_0529,health_body,explanatory,4-6,20,intermediate
edu_qa_0530,general_knowledge,explanatory,4-6,2,beginner
edu_qa_0531,general_knowledge,factual,3-4,7,beginner
edu_qa_0532,nutrition_cooking,general,4-6,13,beginner
edu_qa_0533,arts_creativity,factual,4-6,19,beginner
edu_qa_0534,general_knowledge,explanatory,4-6,20,intermediate
edu_qa_0535,general_knowledge,factual,4-6,19,beginner
edu_qa_0536,nutrition_cooking,factual,4-6,9,beginner
edu_qa_0537,nutrition_cooking,general,3-4,13,beginner
edu_qa_0538,nutrition_cooking,factual,4-6,12,beginner
edu_qa_0539,arts_creativity,factual,4-6,11,beginner
edu_qa_0540,general_knowledge,general,3-4,12,beginner
edu_qa_0541,math_numbers,general,4-6,18,beginner
edu_qa_0542,language_literacy,factual,3-4,8,beginner
edu_qa_0543,nutrition_cooking,explanatory,4-6,20,intermediate
edu_qa_0544,nutrition_cooking,explanatory,6-8,25,intermediate
edu_qa_0545,general_knowledge,factual,4-6,5,beginner
edu_qa_0546,general_knowledge,factual,4-6,14,beginner
edu_qa_0547,physical_activity,factual,3-4,9,beginner
edu_qa_0548,nutrition_cooking,general,4-6,21,intermediate
edu_qa_0549,nutrition_cooking,instructional,4-6,18,beginner
edu_qa_0550,social_emotional,general,4-6,23,intermediate
edu_qa_0551,health_body,instructional,4-6,13,beginner
edu_qa_0552,health_body,instructional,3-4,8,beginner
edu_qa_0553,general_knowledge,explanatory,4-6,11,beginner
edu_qa_0554,safety_community,factual,4-6,13,beginner
edu_qa_0555,safety_community,explanatory,4-6,23,intermediate
edu_qa_0556,language_literacy,factual,4-6,12,beginner
edu_qa_0557,arts_creativity,factual,3-4,12,beginner
edu_qa_0558,general_knowledge,general,4-6,19,beginner
edu_qa_0559,nutrition_cooking,instructional,3-4,11,beginner
edu_qa_0560,math_numbers,factual,4-6,17,beginner
edu_qa_0561,general_knowledge,explanatory,4-6,17,beginner
edu_qa_0562,nutrition_cooking,general,4-6,16,beginner
edu_qa_0563,nature_science,general,3-4,12,beginner
edu_qa_0564,general_knowledge,factual,4-6,22,intermediate
edu_qa_0565,general_knowledge,factual,4-6,7,beginner
edu_qa_0566,social_emotional,factual,4-6,13,beginner
edu_qa_0567,arts_creativity,factual,4-6,1,beginner
edu_qa_0568,math_numbers,factual,4-6,9,beginner
edu_qa_0569,nutrition_cooking,factual,4-6,14,beginner
edu_qa_0570,nutrition_cooking,general,3-4,11,beginner
edu_qa_0571,language_literacy,instructional,4-6,10,beginner
edu_qa_0572,general_knowledge,general,4-6,19,beginner
edu_qa_0573,math_numbers,factual,4-6,2,beginner
edu_qa_0574,general_knowledge,instructional,3-4,13,beginner
edu_qa_0575,language_literacy,instructional,4-6,4,beginner
edu_qa_0576,general_knowledge,explanatory,4-6,19,beginner
edu_qa_0577,safety_community,factual,4-6,12,beginner
edu_qa_0578,nutrition_cooking,factual,4-6,10,beginner
edu_qa_0579,math_numbers,instructional,4-6,4,beginner
edu_qa_0580,social_emotional,explanatory,6-8,26,intermediate
edu_qa_0581,nutrition_cooking,explanatory,4-6,11,beginner
edu_qa_0582,math_numbers,general,4-6,1,beginner
edu_qa_0583,physical_activity,explanatory,4-6,22,intermediate
edu_qa_0584,nutrition_cooking,factual,4-6,12,beginner
edu_qa_0585,nutrition_cooking,factual,4-6,11,beginner
edu_qa_0586,general_knowledge,factual,4-6,17,beginner
edu_qa_0587,general_knowledge,explanatory,4-6,10,beginner
edu_qa_0588,language_literacy,factual,4-6,12,beginner
edu_qa_0589,nutrition_cooking,factual,4-6,15,beginner
edu_qa_0590,safety_community,instructional,5-7,28,intermediate
edu_qa_0591,physical_activity,factual,4-6,1,beginner
edu_qa_0592,nutrition_cooking,factual,4-6,7,beginner
edu_qa_0593,math_numbers,explanatory,4-6,15,beginner
edu_qa_0594,physical_activity,factual,4-6,13,beginner
edu_qa_0595,nutrition_cooking,factual,4-6,1,beginner
edu_qa_0596,social_emotional,explanatory,4-6,23,intermediate
edu_qa_0597,arts_creativity,factual,4-6,2,beginner
edu_qa_0598,nutrition_cooking,factual,3-4,11,beginner
edu_qa_0599,language_literacy,factual,4-6,17,beginner
edu_qa_0600,social_emotional,instructional,4-6,12,beginner
edu_qa_0601,general_knowledge,general,4-6,14,beginner
edu_qa_0602,general_knowledge,explanatory,4-6,14,beginner
edu_qa_0603,general_knowledge,factual,4-6,10,beginner
edu_qa_0604,safety_community,explanatory,4-6,19,beginner
edu_qa_0605,nutrition_cooking,explanatory,4-6,17,beginner
edu_qa_0606,general_knowledge,factual,3-4,9,beginner
edu_qa_0607,math_numbers,explanatory,6-8,25,intermediate
edu_qa_0608,math_numbers,factual,4-6,14,beginner
edu_qa_0609,general_knowledge,factual,3-4,12,beginner
edu_qa_0610,general_knowledge,instructional,4-6,12,beginner
edu_qa_0611,nutrition_cooking,factual,4-6,13,beginner
edu_qa_0612,nature_science,factual,4-6,6,beginner
edu_qa_0613,general_knowledge,instructional,4-6,16,beginner
edu_qa_0614,language_literacy,factual,4-6,12,beginner
edu_qa_0615,general_knowledge,factual,4-6,2,beginner
edu_qa_0616,safety_community,explanatory,4-6,16,beginner
edu_qa_0617,general_knowledge,factual,4-6,10,beginner
edu_qa_0618,general_knowledge,factual,5-7,27,intermediate
edu_qa_0619,nutrition_cooking,factual,4-6,21,intermediate
edu_qa_0620,arts_creativity,factual,4-6,1,beginner
edu_qa_0621,health_body,explanatory,6-8,26,intermediate
edu_qa_0622,health_body,explanatory,4-6,18,beginner
edu_qa_0623,arts_creativity,instructional,3-4,10,beginner
edu_qa_0624,nutrition_cooking,instructional,5-7,35,intermediate
edu_qa_0625,nutrition_cooking,factual,4-6,12,beginner
edu_qa_0626,general_knowledge,instructional,4-6,6,beginner
edu_qa_0627,math_numbers,instructional,3-4,11,beginner
edu_qa_0628,safety_community,factual,4-6,16,beginner
edu_qa_0629,nutrition_cooking,instructional,3-4,10,beginner
edu_qa_0630,physical_activity,general,3-4,7,beginner
edu_qa_0631,safety_community,explanatory,4-6,12,beginner
edu_qa_0632,general_knowledge,factual,4-6,12,beginner
edu_qa_0633,general_knowledge,explanatory,6-8,25,intermediate
edu_qa_0634,safety_community,explanatory,4-6,22,intermediate
edu_qa_0635,social_emotional,explanatory,4-6,6,beginner
edu_qa_0636,nutrition_cooking,instructional,4-6,12,beginner
edu_qa_0637,social_emotional,factual,3-4,13,beginner
edu_qa_0638,general_knowledge,factual,3-4,9,beginner
edu_qa_0639,nutrition_cooking,factual,4-6,9,beginner
edu_qa_0640,general_knowledge,factual,4-6,20,intermediate
edu_qa_0641,language_literacy,factual,4-6,11,beginner
edu_qa_0642,social_emotional,factual,4-6,13,beginner
edu_qa_0643,nutrition_cooking,factual,4-6,2,beginner
edu_qa_0644,language_literacy,explanatory,4-6,24,intermediate
edu_qa_0645,math_numbers,general,4-6,5,beginner
edu_qa_0646,arts_creativity,instructional,4-6,17,beginner
edu_qa_0647,general_knowledge,factual,5-7,25,intermediate
edu_qa_0648,nutrition_cooking,instructional,4-6,11,beginner
edu_qa_0649,general_knowledge,factual,4-6,12,beginner
edu_qa_0650,general_knowledge,factual,4-6,2,beginner
edu_qa_0651,safety_community,factual,4-6,9,beginner
edu_qa_0652,nutrition_cooking,explanatory,4-6,24,intermediate
edu_qa_0653,nutrition_cooking,explanatory,4-6,15,beginner
edu_qa_0654,general_knowledge,explanatory,4-6,7,beginner
edu_qa_0655,math_numbers,explanatory,4-6,23,intermediate
edu_qa_0656,language_literacy,factual,4-6,11,beginner
edu_qa_0657,nutrition_cooking,general,3-4,14,beginner
edu_qa_0658,social_emotional,general,4-6,14,beginner
edu_qa_0659,health_body,instructional,4-6,24,intermediate
edu_qa_0660,general_knowledge,factual,4-6,20,intermediate
edu_qa_0661,arts_creativity,factual,4-6,2,beginner
edu_qa_0662,nutrition_cooking,factual,3-4,10,beginner
edu_qa_0663,math_numbers,instructional,4-6,16,beginner
edu_qa_0664,nutrition_cooking,factual,4-6,9,beginner
edu_qa_0665,health_body,factual,4-6,15,beginner
edu_qa_0666,nutrition_cooking,explanatory,4-6,15,beginner
edu_qa_0667,general_knowledge,factual,4-6,1,beginner
edu_qa_0668,safety_community,general,4-6,13,beginner
edu_qa_0669,nutrition_cooking,factual,4-6,14,beginner
edu_qa_0670,health_body,factual,3-4,8,beginner
edu_qa_0671,nutrition_cooking,instructional,4-6,13,beginner
edu_qa_0672,general_knowledge,explanatory,4-6,16,beginner
edu_qa_0673,nutrition_cooking,explanatory,4-6,16,beginner
edu_qa_0674,arts_creativity,factual,4-6,15,beginner
edu_qa_0675,nutrition_cooking,factual,4-6,15,beginner
edu_qa_0676,social_emotional,factual,4-6,18,beginner
edu_qa_0677,nature_science,explanatory,4-6,18,beginner
edu_qa_0678,health_body,instructional,4-6,8,beginner
edu_qa_0679,safety_community,explanatory,4-6,17,beginner
edu_qa_0680,nutrition_cooking,factual,4-6,17,beginner
edu_qa_0681,safety_community,factual,4-6,2,beginner
edu_qa_0682,social_emotional,explanatory,4-6,10,beginner
edu_qa_0683,health_body,instructional,3-4,9,beginner
edu_qa_0684,safety_community,general,4-6,14,beginner
edu_qa_0685,language_literacy,factual,3-4,9,beginner
edu_qa_0686,nutrition_cooking,general,3-4,11,beginner
edu_qa_0687,general_knowledge,factual,3-4,11,beginner
edu_qa_0688,safety_community,instructional,3-4,14,beginner
edu_qa_0689,general_knowledge,explanatory,6-8,28,intermediate
edu_qa_0690,general_knowledge,factual,4-6,17,beginner
edu_qa_0691,physical_activity,factual,4-6,14,beginner
edu_qa_0692,arts_creativity,factual,4-6,16,beginner
edu_qa_0693,nutrition_cooking,factual,4-6,15,beginner
edu_qa_0694,social_emotional,factual,4-6,15,beginner
edu_qa_0695,general_knowledge,explanatory,4-6,21,intermediate
edu_qa_0696,health_body,factual,4-6,17,beginner
edu_qa_0697,nutrition_cooking,factual,4-6,16,beginner
edu_qa_0698,health_body,explanatory,4-6,22,intermediate
edu_qa_0699,physical_activity,factual,3-4,9,beginner
edu_qa_0700,nutrition_cooking,explanatory,4-6,12,beginner
edu_qa_0701,nutrition_cooking,factual,4-6,12,beginner
edu_qa_0702,safety_community,explanatory,4-6,16,beginner
edu_qa_0703,nature_science,explanatory,4-6,17,beginner
edu_qa_0704,general_knowledge,factual,4-6,2,beginner
edu_qa_0705,general_knowledge,factual,4-6,11,beginner
edu_qa_0706,general_knowledge,explanatory,4-6,23,intermediate
edu_qa_0707,social_emotional,explanatory,6-8,38,intermediate
edu_qa_0708,general_knowledge,factual,4-6,2,beginner
edu_qa_0709,nature_science,instructional,4-6,20,intermediate
edu_qa_0710,arts_creativity,explanatory,4-6,23,intermediate
edu_qa_0711,nature_science,factual,4-6,9,beginner
edu_qa_0712,health_body,factual,5-7,44,intermediate
edu_qa_0713,nutrition_cooking,factual,4-6,14,beginner
edu_qa_0714,general_knowledge,explanatory,4-6,20,intermediate
edu_qa_0715,safety_community,explanatory,4-6,23,intermediate
edu_qa_0716,social_emotional,explanatory,6-8,40,intermediate
edu_qa_0717,health_body,explanatory,6-8,28,intermediate
edu_qa_0718,nutrition_cooking,instructional,4-6,15,beginner
edu_qa_0719,general_knowledge,factual,4-6,5,beginner
edu_qa_0720,physical_activity,explanatory,4-6,13,beginner
edu_qa_0721,general_knowledge,explanatory,4-6,17,beginner
edu_qa_0722,social_emotional,explanatory,4-6,12,beginner
edu_qa_0723,nutrition_cooking,factual,4-6,21,intermediate
edu_qa_0724,arts_creativity,explanatory,3-4,14,beginner
edu_qa_0725,arts_creativity,factual,4-6,1,beginner
edu_qa_0726,nutrition_cooking,recall,4-6,8,beginner
edu_qa_0727,language_literacy,explanatory,4-6,15,beginner
edu_qa_0728,nutrition_cooking,general,3-4,12,beginner
